coach_no,coach_type,section,task,hours
1,Motor,Paint,2nd primer application for the coach ,8
2,Motor,Coach Build,Air Vents ,6
3,Motor,Structural,All small components repairs,8
4,Motor,Paint,Application for Golden yellow,8
5,Motor,Paint,Apply autocoat ,8
6,Motor,Paint,Apply autocoat on drivers area,4
7,Motor,Coach Build,Apply Body Filler And Sand The Floor ,8
8,Motor,Paint,Apply bodyfiller on canopies & prime(set),8
9,Motor,Paint,Apply bodyfiller on End doors and Cab doors and rubb,8
10,Motor,Paint,Apply bodyfiller on saloon doors & prime,8
11,Motor,Paint,Apply cab cream on dash board ,8
12,Motor,Paint,Apply dark grey ,8
13,Motor,Paint,Apply final coat on End doors and Cab doors with frames ,8
14,Motor,Paint,Apply polish on the coach,8
15,Motor,Paint,Apply polish on the coach,8
16,Motor,Paint,Apply sika flex,16
17,Motor,BUP,Applying Stag And Putting Pipe Fittings,2
18,Motor,Coach Build,AudioPlate ,6
19,Motor,Electrical,Auxillary,23
20,Motor,BUP,Bending Air Pipe And Vacuum Pipe ,8
21,Motor,Paint,Blast bogie components,24
22,Motor,Paint,Blast bogie frame ,8
23,Motor,Paint,Blast sole bar,8
24,Motor,Paint,Blast underframe components,16
25,Motor,Electrical,Body Ends Wires,16
26,Motor,Structural,Body repairs,24
27,Motor,Paint,Bodyfiller application on canopies and Primer,8
28,Motor,BUP,Bogie Assembly ,40
29,Motor,Coach Build,Bogie Pin Cover,4
30,Motor,BUP,Brake Rigging,16
31,Motor,Coach Build,Cab Ceiling ,8
32,Motor,Coach Build,Cab Steps ,8
33,Motor,Coach Build,Canopies,16
34,Motor,Coach Build,Center Grab Poles ,8
35,Motor,Electrical,Coach Controllers ,16
36,Motor,BUP,Connecting Air Pipe And Putting Brackets,8
37,Motor,BUP,Connecting Vacuum Pipe And Putting Brackets,8
38,Motor,Coach Build,Cut And Fit Air Duct ,8
39,Motor,Coach Build,Cut And Fit Ceilling Panels ,6
40,Motor,Coach Build,Cut And Fit Closing Trim,8
41,Motor,Coach Build,Cut And Fit Cove Panels,8
42,Motor,Coach Build,Cut And Fit Insulation Fibre ,6
43,Motor,Coach Build,Cut And Fit Marli On Air Duct,6
44,Motor,Coach Build,Cut And Fit Moldings ,16
45,Motor,Coach Build,Cut And Fit Side Marli ,8
46,Motor,Coach Build,Cut And Fit Side Metal Plate ,6
47,Motor,Coach Build,Cut And Fit Side Panels ,6
48,Motor,Coach Build,Cutting Cab Floor ,4
49,Motor,Coach Build,Cutting Floor Boards ,3
50,Motor,Coach Build,Dash Board Installation ,8
51,Motor,Coach Build,Dash Board Panels,8
52,Motor,Coach Build,Door Fitment ,8
53,Motor,Coach Build,Door Mech's ,2
54,Motor,Coach Build,DoorTrims ,6
55,Motor,Coach Build,Driver And Assistance Door ,12
56,Motor,Coach Build,Driver And Assistance Seat,8
57,Motor,Coach Build,Emergency Door,6
58,Motor,Electrical,Emergency Push Buttons ,8
59,Motor,Coach Build,End Door Complition ,12
60,Motor,Paint,End doors and Cab doors with Frames rubb & primer,8
61,Motor,Paint,Final primer and final rubb,8
62,Motor,Paint,Final primer and rubb for final coat(Golden yellow),8
63,Motor,Paint,Final primer and rubb for final coat(Tequos blue),8
64,Motor,Coach Build,Fire Extinguisher Bracket,4
65,Motor,Coach Build,Fit And Seal Corner Piece ,6
66,Motor,Coach Build,Fit Floor Boards ,6
67,Motor,Coach Build,Fit Marli ,6
68,Motor,Coach Build,Fit Marli [centre],6
69,Motor,Coach Build,Fitment Mirror Box,8
70,Motor,Coach Build,Fitting Draft Shields ,16
71,Motor,Coach Build,Fitting Floor Boards Drill And Secure ,8
72,Motor,BUP,Fitting Hand Break,2
73,Motor,BUP,Fitting of Drawgears ,8
74,Motor,Coach Build,Fitting Seat Cushion ,8
75,Motor,Coach Build,Fitting Seat Frame ,8
76,Motor,Coach Build,Fitting Shrowds ,6
77,Motor,Coach Build,Floor Packing [mesonite],6
78,Motor,Coach Build,Floor Varnish,3
79,Motor,BUP,Gear Case Assembly,8
80,Motor,Electrical,HT ,30
81,Motor,Coach Build,HT And L-T [External],2
82,Motor,Coach Build,HT And LT Sliding Doors ,8
83,Motor,Coach Build,Inspection Box Frame ,6
84,Motor,Coach Build,Inspection Covers,8
85,Motor,BUP,Installing Compressors,4
86,Motor,BUP,Installing Couplers ,8
87,Motor,BUP,Installing Invetor ,4
88,Motor,BUP,Installing Q.S.A's on Vacuum Pipe ,2
89,Motor,BUP,Installing Vaccum Tanks And Cylinders,8
90,Motor,Structural,Interio repairs,32
91,Motor,Coach Build,Interleading Door ,6
92,Motor,Coach Build,Interleading Floor Panels,8
93,Motor,BUP,Joining Pipes And Fittings ,6
94,Motor,BUP,Joining Slack Adjuster,2
95,Motor,Electrical,Jumpers And Receptacles ,8
96,Motor,Coach Build,Laptop Table ,2
97,Motor,Electrical,LED Lights ,16
98,Motor,Coach Build,Marli Weld ,5
99,Motor,Paint,Masking and rubbing for grey/coach demacation,8
100,Motor,Coach Build,MCB Doors ,4
101,Motor,BUP,Measuring And Cutting Pipe For Threading,8
102,Motor,Coach Build,Mirror Box Assembly ,8
103,Motor,Paint,Nose kon preparation,4
104,Motor,Coach Build,Outside Cab Grab Handles,6
105,Motor,Coach Build,Outside Grab Handles,2
106,Motor,Electrical,P.A Box,23
107,Motor,Coach Build,Packing Cab Floor ,4
108,Motor,Paint,Paint bogie components,8
109,Motor,Paint,Paint bogie frame ,8
110,Motor,Paint,Paint underframe components,8
111,Motor,Coach Build,Pocket Covers ,8
112,Motor,Coach Build,Prepare And Fit End Panels ,6
113,Motor,Coach Build,Prepare Window Shrowds ,6
114,Motor,Paint,Prime bogie components,8
115,Motor,Paint,Prime bogie frame ,8
116,Motor,Paint,Prime sole bar,8
117,Motor,Paint,Prime underframe components,8
118,Motor,Paint,Primer application for the coach ,8
119,Motor,Electrical,Pulling 0.5mm Wiring,8
120,Motor,Electrical,Pulling 1.5mm Wiring,9
121,Motor,Electrical,Pulling 15mm Wiring,10
122,Motor,Electrical,Pulling 2.5mm Wiring,9
123,Motor,Electrical,Pulling 25mm Wiring ,24
124,Motor,Electrical,Pulling 50mm Wiring ,38
125,Motor,Electrical,QSA Connections,8
126,Motor,Paint,Remove sika Flex,8
127,Motor,Structural,Roof repairs,16
128,Motor,Coach Build,Roof Steps,4
129,Motor,Paint,Rubb and apply final coat on  End doors and Cab doors with frames ,8
130,Motor,Paint,Rubb and paint final coat on  Inspection box covers,8
131,Motor,Paint,Rubb and paint final coat on airvents,8
132,Motor,Paint,Rubb and paint final coat on saloon doors ,8
133,Motor,Paint,Rubb and Prime airvents,8
134,Motor,Paint,Rubb and prime Inspection box covers,8
135,Motor,Paint,Rubb and prime Window frames,8
136,Motor,Paint,Rubb canopies and apply final coat(set),8
137,Motor,Paint,Rubb canopies for final coat(set),8
138,Motor,Paint,Rubb coach and mask for primer,8
139,Motor,Paint,Rubb coach for polishing,8
140,Motor,Paint,Rubb doors and touchup primer(set),8
141,Motor,Paint,Rubb end doors and Cab doors with frames for primer,8
142,Motor,Paint,Rubb for polish ,8
143,Motor,Paint,Rubb saloon doors & primer(set) ,8
144,Motor,Paint,Rubbing for 2nd primer,8
145,Motor,Paint,Rubbing for touchup primer,8
146,Motor,Paint,Rubbing for white coat,8
147,Motor,Paint,Sanding coach for primer,8
148,Motor,Coach Build,Seal The Marli ,2
149,Motor,Coach Build,Side Seal Drill And Tab And Fit ,8
150,Motor,Structural,Sole bar cambering,3
151,Motor,Structural,Sole bar repairs,16
152,Motor,Paint,Stencelling and touchups for paint,24
153,Motor,Paint,Stencelling and touchups for paint,8
154,Motor,Coach Build,Sun Visour ,6
155,Motor,Electrical,Termination ,152
156,Motor,Electrical,Testing,152
157,Motor,Coach Build,Train Light And Train Number,8
158,Motor,Coach Build,Treat Plate ,16
159,Motor,Coach Build,Weld Marli ,1
160,Motor,Coach Build,Windows ,12
161,Motor,Coach Build,Windscreen ,8
162,Motor,Coach Build,Windscreen Shrowds And Moldings ,8
,Kitchen,,Slack Adjusters Fit New Knorr Bremse KRD2A-500AR,
,Kitchen,,Slack Adjusters Fit New DRV10 450DJ,
,Kitchen,,Slack Adjusters KRD2A-500 Overhaul,
,Kitchen,,Slack Adjusters DRV10 450DJ Overhaul,
,Kitchen,,Slack Adjusters 19DJ Overhaul,
,Kitchen,,Brake Blocks Renew,
,Kitchen,,Handbrake Overhaul,
,Kitchen,,Trunion & Brackets,
,Kitchen,,Vacuum Cylinder Overhaul,
,Kitchen,,"Upgrade Vacuum Cylinder (Oversize) Cl.3,5&7",
,Kitchen,,Vacuum Cylinder Renew,
,Kitchen,,Vacuum Cylinder Piston Rod renew,
,Kitchen,,Underframe Brake Rigging overhaul ,
,Kitchen,,Brake Rigging Bogie overhaul,
,Kitchen,,Renew Vacuum Brake Release wire Arrange.,
,Kitchen,,Vacuum Piping Renew ,
,Kitchen,,Vacuum Piping - Repair Replace Ends,
,Kitchen,,Renew Stand Pipes (Gooseneck),
,Kitchen,,Vacuum Piping - Patches,
,Kitchen,,Vacuum Hoses Renew,
,Kitchen,,Vacuum Chamber B17 Overhaul,
,Kitchen,,Vacuum Chamber B17 Renew,
,Kitchen,,Vacuum Test and Brake adjustment,
,Kitchen,,Body framework repairs,
,Kitchen,,Mini Repairs (Refer CR 001),
,Kitchen,,Midi Repairs (Refer CR 001),
,Kitchen,,Maxi Repairs,
,Kitchen,,Rust Repairs Body (Side and ends),
,Kitchen,,Rust Repairs Roof,
,Kitchen,,Rust Repair Gutters,
,Kitchen,,Fit New Pillars (500mm) L/H or R/H,
,Kitchen,,Fit New Pillars Full size,
,Kitchen,,Renew Corrugated Metal Floor ,
,Kitchen,,Plate Patch Sole bar (6mm x 135mm x 600mm),
,Kitchen,,Plate Patch Destination (2.5mm x 125mm x 625mm),
,Kitchen,,Plate Stencil (2.5mm x 125mm x 800mm),
,Kitchen,,Fit New floor plates at end,
,Kitchen,,Convert body and make new loading door (Kitchen & Dining Car),
,Kitchen,,Complete Coach Strip,
,Kitchen,,Remove Asbetos (Interior and Exterior) If Applicable,
,Kitchen,,Grit Blast Body Shell and u/f equipment,
,Kitchen,,Paint Coach and auto coat complete,
,Kitchen,,Renew Card Clip small,
,Kitchen,,Renew Card Clip big ,
,Kitchen,,External Signs and Decals,
,Kitchen,,Stencilling,
,Kitchen,,Monsoon Ventilators Renew (Rotating type),
,Kitchen,,Monsoon Ventilators Renew (Std GRP Type),
,Kitchen,,Repair Cowl and Cover,
,Kitchen,,Fit Vinyl Canopy between Kitchen & Diner Wegman,
,Kitchen,,Commode Handles Overhaul,
,Kitchen,,Renew Commode Handles ,
,Kitchen,,Exterior Steps Inspect and overhaul,
,Kitchen,,Fit New Side Steps - Entrance,
,Kitchen,,Gangway Plate Overhaul,
,Kitchen,,Gangway Plate Renew,
,Kitchen,,Gangway Plate Hinged Renew,
,Kitchen,,Cross over treat plate rubber,
,Kitchen,,Windows Mainline Drop MKIV -  Renew ,
,Kitchen,,"Windows Mainline Toilet Half Drop (Toilet,Shower) -  Renew ",
,Kitchen,,Glass Exit/Entrance Side Door (Including rubber),
,Kitchen,,"Renew Small Hooper Window (Pantry, Scullery & Kitchen)",
,Kitchen,,Window mainline drop MKIV Aperture Conversion,
,Kitchen,,Renew Aliminium window shroud in Bar & Kitchen,
,Kitchen,,Renew Safety Gate at Kitchen (Bronze),
,Kitchen,,Glass (200 x 200) for emergency & fire ext,
,Kitchen,,Gummies Rubber Diaphragms - Overhaul (Renew Rubbers Repair Steel Plates),
,Kitchen,,Gummies Rubber Diaphragms - New (Including Steel Plates),
,Kitchen,,Water Test Coaches Exterior,
,Kitchen,,Vehicle Compliance (To Pass Structure Gauge),
,Kitchen,,Jumper Cables Complete New,
,Kitchen,,Main Buss Junction & Receptical Boxes - Fit New,
,Kitchen,,Inter Coach Connectors (Recepticals),
,Kitchen,,Interior Lighting new (Kit),
,Kitchen,,Electrical Conduits  - Renew,
,Kitchen,,Fit 220 volt Extractor Fan in Kitchen & Diner,
,Kitchen,,Renew Extractor fan in Canopy,
,Kitchen,,Main DB Complete,
,Kitchen,,LT Rewiring,
,Kitchen,,Fit Communication system Speakers,
,Kitchen,,95 Square Cabling for Mainline,
,Kitchen,,Ceiling Ventilator Grill powder coat overhaul ,
,Kitchen,,Ceiling Ventilator Grill renew ,
,Kitchen,,Renew Ventilator Grill Sleeve,
,Kitchen,,Low Level Limit Switches (For Water and Waste Tanks),
,Kitchen,,Fit new Louvers in Corridor/Scullery for Kitchen car Fridges,
,Kitchen,,Renew Extractor Canopy in Kitchen,
,Kitchen,,Convert Kitchen Car Toilet Shower to Store Room,
,Kitchen,,Convert Kitchen Compartment to Store Room,
,Kitchen,,Convert Kitchen Car Coupe to Scullery,
,Kitchen,,Convert Gas Comp. & Walk in Fridge to Freezer Compartment,
,Kitchen,,Corridor Equipment,
,Kitchen,,Cupboard Broom Equipment,
,Kitchen,,Cupboard Electrical Equipment,
,Kitchen,,Cupboard Fire Extinguisher Equipment,
,Kitchen,,Floor Repairs (Wood),
,Kitchen,,Floor Repairs (Marley & Flashing only),
,Kitchen,,Renew Floors Complete (Including Marley & Flashing),
,Kitchen,,Fit SST Floor in Kitchen / Scullery areas,
,Kitchen,,Fit interlock Duck board grating,
,Kitchen,,Reclad kitchen ceilings and sides with SST,
,Kitchen,,Renew hasp and staple,
,Kitchen,,Renew cabin hook and eye,
,Kitchen,,Renew coat hooks,
,Kitchen,,Bogie Pin Cover Plate,
,Kitchen,,Body side & Ceiling Insulation,
,Kitchen,,Decal Renew (All Interior),
,Kitchen,,Warning Notices (All Interior),
,Kitchen,,Formica Ceilings & Coves Complete - Renew,
,Kitchen,,Formica Side & End Panels Complete - Renew,
,Kitchen,,Renew Aluminium Mouldings roof (All Types),
,Kitchen,,"Renew Aluminium Mouldings (Sides, Ends) & (Compartments, corridors)",
,Kitchen,,Window Shroud & Louvre - Renew,
,Kitchen,,"Fit kitchen catering equipment (3 x Fridges, 3 x Freezer, 1 x Oven, 1 x Hydro boil, 1 x Griller)",
,Kitchen,,"Renew SST work top and basin,drawers,racks,covers and bacsplashes in kitchen",
,Kitchen,,Fire Extinguisher station (Strap & Partition) ,
,Kitchen,,Drain Casting,
,Kitchen,,Tread Plates ,
,Kitchen,,Mainline Intermediate Door LH;RH,
,Kitchen,,"DB, Broom & Compartment Doors - Renew",
,Kitchen,,Doors Hinged Int. Overhaul,
,Kitchen,,Doors Hinged Spring Loaded - Renew Hinge,
,Kitchen,,Door Stops - Renew,
,Kitchen,,Door Controllers - Renew - (vestibule door),
,Kitchen,,Renew Barrel Bolts,
,Kitchen,,Locks Overhaul,
,Kitchen,,Lock Vestibule side door complete with Striking plates - Renew,
,Kitchen,,Fit yale locks to vestibule doors,
,Kitchen,,Lock Mortice Private -Renew,
,Kitchen,,Sill plate-End door Renew,
,Kitchen,,Sill plate-Exit Door - Renew,
,Kitchen,,Renew door kick plate,
,Kitchen,,Repair Vestibule Exit Door (Including new Window & Rubber),
,Kitchen,,Renew Vestibule Exit Door (Including new Window & Rubber),
,Kitchen,,Fit New Weather Strip,
,Kitchen,,Renew door pull handles: (bow type),
,Kitchen,,Renew escutcheons,
,Kitchen,,Renew cupboard locks,
,Kitchen,,Water & Waste Tanks - Overhaul,
,Kitchen,,Water Tank 940L - Renew,
,Kitchen,,Water Tank 700L - Renew,
,Kitchen,,Pressurised Tank 210L - New,
,Kitchen,,Water Pressurised Tank - Overhaul,
,Kitchen,,Hanger Brackets and Stays for Tanks - Renew,
,Kitchen,,Geyser - Renew (kwikot 150lt),
,Kitchen,,Water Purification System - New,
,Kitchen,,"Water piping (To all tanks, Filtration System, Wash basin, Toilets, Drinking Stations est..)",
,Kitchen,,Renew low level limit switch,
,Kitchen,,Water Pipe Lagging (Only on Copper Pipes),
,Kitchen,,Stop Cocks,
,Kitchen,,Gate Valve,
,Kitchen,,Ball Valve 25mm S/S,
,Kitchen,,Ball Valve 15mm S/S,
,Kitchen,,Vacuum Valve,
,Kitchen,,3-way Cock,
,Kitchen,,Safety Valve,
,Kitchen,,Non-Return Valve 25mm Brass,
,Kitchen,,Non-Return Valve 20mm Brass,
,Kitchen,,Valve Pressure Release 15mm Brass,
,Kitchen,,"Valve 3 Way Port 1"" S/S",
,Kitchen,,In Line Strainer Sediment 25mm Brass,
,Kitchen,,Filler Cap,
,Kitchen,,Taps turn - Renew,
,Kitchen,,Mixer,
,Kitchen,,Final Inspection & Test Water System,
,Kitchen,,Vestibule Buffer Refurbish,
,Kitchen,,Vestibule Buffer Renew,
,Kitchen,,Vestibule Buffer Rod Refurbs.,
,Kitchen,,Vestibule Buffer Rod Renew,
,Kitchen,,Emergency Coupling Bracket examine,
,Kitchen,,Guide Vestibule Buffer Rod Inner & Outer Renew,
,Kitchen,,Draw Gear System Overhaul complete,
,Kitchen,,Coupler Renew Complete,
,Kitchen,,Repair drawbar,
,Kitchen,,Coupler Release Wire,
,Kitchen,,Renew Rear Yoke,
,Kitchen,,Renew Side Plungers,
,Kitchen,,Side Plunger Guide Bracket and Spring,
,Kitchen,,Renew Coupler Wearing Plate,
,Kitchen,,Renew 2 x Coupler shank bush,
,Kitchen,,Renew Coupler Knuckle,
,Kitchen,,Renew Coupler Knuckle Pin,
,Kitchen,,Renew Coupler Lock,
,Kitchen,,Renew Coupler Lock Lifter,
,Kitchen,,Renew Coupler Lock Lifter Pin,
,Kitchen,,Renew Coupler Lock Lifter lever,
,Kitchen,,Renew Side Lever Pin,
,Kitchen,,Renew Carrier Plate,
,Kitchen,,Yoke Rubber (Springs) Renew,
,Kitchen,,Yoke Rubber Follower Block Renew,
,Kitchen,,Yoke & Coupler Pin Renew,
,Kitchen,,Guide Coupler Renew,
,Kitchen,,Stops Front & Loose Renew,
,Kitchen,,Yoke Front Renew,
,Kitchen,,Back Stop - Renew,
,Kitchen,,Repair Underframe (to quote for add work),
,Kitchen,,Underframe Examine,
,Kitchen,,Support Brackets & Safety' loops overhaul,
,Kitchen,,"Repair underframe cradles, cabinets & covers",
,Kitchen,,Pull rod wheel,
,Kitchen,,Bogie Overhaul,
,Kitchen,,Snubbers Houdaille - Refurbish,
,Kitchen,,Snubbers Houdaille - Renew,
,Kitchen,,Springs Class 7' Bogies Equalising Beam New,
,Kitchen,,Springs Class 7' Bogies Bolster New,
,Kitchen,,"Springs Class 6'9"" Bogies Equalising Beam New",
,Kitchen,,"Springs Class 6'9"" Bogies Bolster New",
,Kitchen,,Axle Boxes (Adaptor) Examine/Repair,
,Kitchen,,Axle Boxes Renew,
,Kitchen,,Earth Straps,
,Kitchen,,Bolster Central Flat and Vertical sleeve Liners Renew,
,Kitchen,,Bogie Central Bearing Assembly examine,
,Kitchen,,Springs Test & Refurbish,
,Kitchen,,Double Webb Spring Cub - Renew,
,Kitchen,,Pedestal Liners - Renew,
,Kitchen,,Side Friction,
,Kitchen,,Safety Loops,
,Kitchen,,Fit New Swing hanger,
,Kitchen,,Fit New Anchor bolts,
,Kitchen,,Assemble Coach Complete & Stationary Functional test,
,Kitchen,,Test  Coach Under Working Conditions & Road Certificate,
,Kitchen,,Weighing of coach,
,Kitchen,,Display fridge (stay cold),
,Kitchen,,Microwave Oven ,
,Kitchen,,TV Renew,
,Kitchen,,DVD Player Renew,
,Kitchen,,Hydroboil Renew,
,Kitchen,,Kitchen Layout- Manufacture and Fit,
,Kitchen,,Wheel-sets(R6)Description of work required,
,Kitchen,,Wheel-sets(R6),
,Kitchen,,Kitchen Car - Bain Marie GN2-2,
,Kitchen,,Kitchen Car - Insert GN1/1 x 150 mm Deep solid  (7006J4) GA22 S/Steel,
,Kitchen,,Kitchen Car - Insert GN1/2 x 150 mm Deep solid  (7126J4) GA22 S/Steel,
,Kitchen,,Kitchen Car - Insert Lid GN1/1 x Full size (7000C4) GA22 S/Steel,
,Kitchen,,Kitchen Car - Insert Lid GN1/2 x Half size (7120C4) GA22 S/Steel,
,Kitchen,,Kitchen Car - Water hydro boil zip 25l 150CU (Kitchen),
,Kitchen,,Kitchen Car - Hydro boil Zip 25l 150CU,
,Kitchen,,Kitchen Car - Range Electric: Stove Solid Top and Oven (Kitchen),
,Kitchen,,Kitchen Car - Range R-E3 3 x plate with oven,
,Kitchen,,Kitchen Car - ,
,Kitchen,,Kitchen Car - Griller Frytop Electric model FTG 10 (Kitchen),
,Kitchen,,Kitchen Car - Griller Frytop Electric model FTG 10 (Kitchen),
,Kitchen,,Kitchen Car - ,
,Kitchen,,Kitchen Car - Fryer Double Pan 2 x 10 litre Complete (Kitchen),
,Kitchen,,Kitchen Car - Fryer Double Pan 2 x 10 litre Complete (Kitchen),
,Kitchen,,Kitchen Car - Fryer basket (175 x 280 x 130 DP Expanded metal Tin plated,
,Kitchen,,Kitchen Car - Conical filter holder dwg 8/5452/A for Vulcan fryer,
,Kitchen,,Kitchen Car - Filter paper conical code 5549 (for holder 2715404) 50/pack,
,Kitchen,,Kitchen Car - ,
,Kitchen,,Kitchen Car - Fit Fridges and Freezers in walk in Compartment in Kitchen,
,Kitchen,,Kitchen Car - Fridge single door (model HD690),
,Kitchen,,Kitchen Car - Fridge double door (model SHD 1140),
,Kitchen,,Kitchen Car - Freezer single door (model HD690F),
,Kitchen,,Kitchen Car - Freezer double door (model SHD 1140F),
,Kitchen,,Kitchen Car - Fit catering equipment (Fridges & Ice Machine,
,Kitchen,,Kitchen Car - Fridges,
,Kitchen,,Kitchen Car - Fridge single door (model HD690),
,Kitchen,,Kitchen Car - Fridge single door (model HD690),
,Kitchen,,Kitchen Car - Ice Machine,
,Kitchen,,Kitchen Car - Ice maker,
,Sitter,,Slack Adjusters Fit New Knorr Bremse KRD2A-500AR,
,Sitter,,Slack Adjusters Fit New DRV10 450DJ,
,Sitter,,Slack Adjusters KRD2A-500 Overhaul,
,Sitter,,Slack Adjusters DRV10 450DJ Overhaul,
,Sitter,,Slack Adjusters 19DJ Overhaul,
,Sitter,,Brake Blocks Renew,
,Sitter,,Handbrake Overhaul,
,Sitter,,Trunion & Brackets,
,Sitter,,Vacuum Cylinder Overhaul,
,Sitter,,"Upgrade Vacuum Cylinder (Oversize) Cl.3,5&7",
,Sitter,,Vacuum Cylinder Renew,
,Sitter,,Vacuum Cylinder Piston Rod renew,
,Sitter,,Underframe Brake Rigging overhaul ,
,Sitter,,Brake Rigging Bogie overhaul,
,Sitter,,Renew Vacuum Brake Release wire Arrange.,
,Sitter,,Vacuum Piping Renew ,
,Sitter,,Vacuum Piping - Repair Replace Ends,
,Sitter,,Renew Stand Pipes (Gooseneck),
,Sitter,,Vacuum Piping - Patches,
,Sitter,,Vacuum Hoses Renew,
,Sitter,,Vacuum Chamber B17 Overhaul,
,Sitter,,Vacuum Chamber B17 Renew,
,Sitter,,Vacuum Test and Brake adjustment,
,Sitter,,Body framework repairs,
,Sitter,,Roof Modification for Lights and Air-conditioning,
,Sitter,,Mini Repairs (Refer CR 001),
,Sitter,,Midi Repairs (Refer CR 001),
,Sitter,,Maxi Repairs,
,Sitter,,Rust Repairs Body (Side and ends),
,Sitter,,Rust Repairs Roof,
,Sitter,,Rust Repair Gutters,
,Sitter,,Fit New Pillars (500mm) L/H or R/H,
,Sitter,,Fit New Pillars Full size,
,Sitter,,Renew Corrugated Metal Floor ,
,Sitter,,Plate Patch Sole bar (6mm x 135mm x 600mm),
,Sitter,,Plate Patch Destination (2.5mm x 125mm x 625mm),
,Sitter,,Plate Stencil (2.5mm x 125mm x 800mm),
,Sitter,,Fit New floor plates at end,
,Sitter,,Fit New Spark plates Toilet Floor,
,Sitter,,Complete Coach Strip,
,Sitter,,Remove Asbetos (Interior and Exterior) If Applicable,
,Sitter,,Grit Blast Body Shell and u/f equipment,
,Sitter,,Paint Coach and auto coat complete,
,Sitter,,Renew Card Clip small,
,Sitter,,Renew Card Clip big ,
,Sitter,,External Signs and Decals,
,Sitter,,Stencilling,
,Sitter,,Monsoon Ventilators Renew (Rotating type),
,Sitter,,Commode Handles Overhaul,
,Sitter,,Renew Commode Handles ,
,Sitter,,Exterior Steps Inspect and overhaul,
,Sitter,,Fit New Side Steps - Entrance,
,Sitter,,Gangway Plate Overhaul,
,Sitter,,Gangway Plate Renew,
,Sitter,,Windows Mainline Drop MKIV -  Renew ,
,Sitter,,"Windows Mainline Toilet Half Drop (Toilet,Shower) -  Renew ",
,Sitter,,Glass Exit/Entrance Side Door (Including rubber),
,Sitter,,Window mainline drop MKIV Aperture Conversion,
,Sitter,,Glass (200 x 200) for emergency & fire ext,
,Sitter,,Gummies Rubber Diaphragms - Overhaul (Renew Rubbers Repair Steel Plates),
,Sitter,,Gummies Rubber Diaphragms - New (Including Steel Plates),
,Sitter,,Water Test Coaches Exterior,
,Sitter,,Vehicle Compliance (To Pass Structure Gauge),
,Sitter,,Jumper Cables Complete New,
,Sitter,,Main Buss Junction & Receptical Boxes - Fit New,
,Sitter,,Inter Coach Connectors (Recepticals),
,Sitter,,Interior Lighting new (Kit),
,Sitter,,Electrical Conduits  - Renew,
,Sitter,,Main DB Complete,
,Sitter,,LT Rewiring,
,Sitter,,Fit Communication system Speakers,
,Sitter,,95 Square Cabling for Mainline,
,Sitter,,Ceiling Ventilator Grill powder coat overhaul ,
,Sitter,,Ceiling Ventilator Grill renew ,
,Sitter,,Renew Ventilator Grill Sleeve,
,Sitter,,Low Level Limit Switches (For Water and Waste Tanks),
,Sitter,,Air Conditioning unit - Renew (Fit to Roof Interior),
,Sitter,,Air Conditiong Frame & Condenser  -Renew (Fit to Under Frame),
,Sitter,,Air Conditioning Installation Kit - Brackets New,
,Sitter,,Air Conditioning Installation Kit - New,
,Sitter,,Air Conditiong Booster fan  -Renew ,
,Sitter,,Inspect and Test Air Conditioning,
,Sitter,,Convert Sleeper to Sitter,
,Sitter,,Rebuild Toilet Compartment (Wood),
,Sitter,,Modify Toilet Compartment (Wood) to fit new toilet system,
,Sitter,,Corridor Equipment,
,Sitter,,Toilet Equipment,
,Sitter,,Cupboard Broom Equipment,
,Sitter,,Cupboard Electrical Equipment,
,Sitter,,Cupboard Fire Extinguisher Equipment,
,Sitter,,Floor Repairs (Wood),
,Sitter,,Floor Repairs (Marley & Flashing only),
,Sitter,,Renew Floors Complete (Including Marley & Flashing),
,Sitter,,Bogie Pin Cover Plate,
,Sitter,,Body side & Ceiling Insulation,
,Sitter,,Decal Renew (All Interior),
,Sitter,,Warning Notices (All Interior),
,Sitter,,Formica Ceilings & Coves Complete - Renew,
,Sitter,,Formica Side & End Panels Complete - Renew,
,Sitter,,Formica Toilet Cubicle complete - Renew,
,Sitter,,Renew Aluminium Mouldings roof (All Types),
,Sitter,,"Renew Aluminium Mouldings (Sides, Ends) & (Compartments, corridors)",
,Sitter,,Passenger Parcel Racks - Refurbish,
,Sitter,,Passenger Parcel Racks - New,
,Sitter,,Window Shroud & Louvre - Renew,
,Sitter,,Seats & Backs  - New Type sitter,
,Sitter,,Water Drinking Dispencer - Refurb. (Alcove),
,Sitter,,Fire Extinguisher station (Strap & Partition) ,
,Sitter,,Drain Casting,
,Sitter,,Tread Plates ,
,Sitter,,Toilet Floor Pan - Renew,
,Sitter,,Mainline Intermediate Door LH;RH,
,Sitter,,Mainline Sliding Door End LH;RH (electronic controlled),
,Sitter,,Toilet and Shower External Door - Renew,
,Sitter,,"DB, Broom & Compartment Doors - Renew",
,Sitter,,Doors Hinged Int. Overhaul,
,Sitter,,Doors Hinged Spring Loaded - Renew Hinge,
,Sitter,,Door Stops - Renew,
,Sitter,,Door Controllers - Renew - (vestibule door),
,Sitter,,Locks Overhaul,
,Sitter,,Lock Vestibule side door complete with Striking plates - Renew,
,Sitter,,Fit yale locks to vestibule doors,
,Sitter,,"Lock Toilet, shower, Communication Door Comp. - Renew",
,Sitter,,Lock Mortice Private -Renew,
,Sitter,,"Indicator Lock Toilet, Shower Door - Renew",
,Sitter,,Sill plate-End door Renew,
,Sitter,,Sill plate-Exit Door - Renew,
,Sitter,,Renew door kick plate,
,Sitter,,Repair Vestibule Exit Door (Including new Window & Rubber),
,Sitter,,Renew Vestibule Exit Door (Including new Window & Rubber),
,Sitter,,Fit New Weather Strip,
,Sitter,,Water & Waste Tanks - Overhaul,
,Sitter,,Water Tank 940L - Renew,
,Sitter,,Water Tank 700L - Renew,
,Sitter,,Waste Tank 900L S/S - Renew,
,Sitter,,Pressurised Tank 210L - New,
,Sitter,,Water Pressurised Tank - Overhaul,
,Sitter,,Hanger Brackets and Stays for Tanks - Renew,
,Sitter,,Vacuum Toilet Systems (Complete) - New (Glova),
,Sitter,,Vacuum Toilet Systems (Complete) - New (Evac),
,Sitter,,Water Purification System - New,
,Sitter,,"Water piping (To all tanks, Filtration System, Wash basin, Toilets, Drinking Stations est..)",
,Sitter,,Renew low level limit switch,
,Sitter,,Water Pipe Lagging (Only on Copper Pipes),
,Sitter,,Stop Cocks,
,Sitter,,Gate Valve,
,Sitter,,Ball Valve 25mm S/S,
,Sitter,,Ball Valve 15mm S/S,
,Sitter,,Vacuum Valve,
,Sitter,,3-way Cock,
,Sitter,,Safety Valve,
,Sitter,,Non-Return Valve 25mm Brass,
,Sitter,,Non-Return Valve 20mm Brass,
,Sitter,,Valve Pressure Release 15mm Brass,
,Sitter,,"Valve 3 Way Port 1"" S/S",
,Sitter,,In Line Strainer Sediment 25mm Brass,
,Sitter,,Filler Cap,
,Sitter,,Taps turn - Renew,
,Sitter,,Tap Metal Basin Pillar 15mm S/S,
,Sitter,,Taps Push Button- Renew,
,Sitter,,Wash basin Stainless Steel Tops & Bowls - Refurbish,
,Sitter,,Wash basin Ceramic - Renew,
,Sitter,,Final Inspection & Test Water System,
,Sitter,,Final Inspection & Test Toilet System,
,Sitter,,Vestibule Buffer Refurbish,
,Sitter,,Vestibule Buffer Renew,
,Sitter,,Vestibule Buffer Rod Refurbs.,
,Sitter,,Vestibule Buffer Rod Renew,
,Sitter,,Emergency Coupling Bracket examine,
,Sitter,,Guide Vestibule Buffer Rod Inner & Outer Renew,
,Sitter,,Draw Gear System Overhaul complete,
,Sitter,,Coupler Renew Complete,
,Sitter,,Coupler Release Wire,
,Sitter,,Renew Rear Yoke,
,Sitter,,Renew Side Plungers,
,Sitter,,Side Plunger Guide Bracket and Spring,
,Sitter,,Renew Coupler Wearing Plate,
,Sitter,,Renew 2 x Coupler shank bush,
,Sitter,,Renew Coupler Knuckle,
,Sitter,,Renew Coupler Knuckle Pin,
,Sitter,,Renew Coupler Lock,
,Sitter,,Renew Coupler Lock Lifter,
,Sitter,,Renew Coupler Lock Lifter Pin,
,Sitter,,Renew Coupler Lock Lifter lever,
,Sitter,,Renew Side Lever Pin,
,Sitter,,Renew Carrier Plate,
,Sitter,,Yoke Rubber (Springs) Renew,
,Sitter,,Yoke Rubber Follower Block Renew,
,Sitter,,Yoke & Coupler Pin Renew,
,Sitter,,Guide Coupler Renew,
,Sitter,,Stops Front & Loose Renew,
,Sitter,,Yoke Front Renew,
,Sitter,,Back Stop - Renew,
,Sitter,,Repair Underframe (to quote for add work),
,Sitter,,Underframe Examine,
,Sitter,,Support Brackets & Safety' loops overhaul,
,Sitter,,"Repair underframe cradles, cabinets & covers",
,Sitter,,Pull rod wheel,
,Sitter,,Bogie Overhaul,
,Sitter,,Snubbers Houdaille - Refurbish,
,Sitter,,Snubbers Houdaille - Renew,
,Sitter,,Springs Class 7' Bogies Equalising Beam New,
,Sitter,,Springs Class 7' Bogies Bolster New,
,Sitter,,"Springs Class 6'9"" Bogies Equalising Beam New",
,Sitter,,"Springs Class 6'9"" Bogies Bolster New",
,Sitter,,Axle Boxes (Adaptor) Examine/Repair,
,Sitter,,Axle Boxes Renew,
,Sitter,,Earth Straps,
,Sitter,,Bolster Central Flat and Vertical sleeve Liners Renew,
,Sitter,,Bogie Central Bearing Assembly examine,
,Sitter,,Springs Test & Refurbish,
,Sitter,,Double Webb Spring Cub - Renew,
,Sitter,,Pedestal Liners - Renew,
,Sitter,,Side Friction,
,Sitter,,Safety Loops,
,Sitter,,Fit New Swing hanger,
,Sitter,,Fit New Anchor bolts,
,Sitter,,Assemble Coach Complete & Stationary Functional test,
,Sitter,,Test  Coach Under Working Conditions & Road Certificate,
,Sitter,,Weighing of coach,
,Sitter,,Wheel-sets(R6),
,Sleeper ,BUP,Slack Adjusters Fit New Knorr Bremse KRD2A-500AR,
,Sleeper ,BUP,Slack Adjusters Fit New DRV10 450DJ,
,Sleeper ,BUP,Slack Adjusters KRD2A-500 Overhaul,
,Sleeper ,BUP,Slack Adjusters DRV10 450DJ Overhaul,
,Sleeper ,BUP,Slack Adjusters 19DJ Overhaul,
,Sleeper ,BUP,Brake Blocks Renew,
,Sleeper ,BUP,Handbrake Overhaul,
,Sleeper ,BUP,Trunion & Brackets,
,Sleeper ,BUP,Vacuum Cylinder Overhaul,
,Sleeper ,BUP,"Upgrade Vacuum Cylinder (Oversize) Cl.3,5&7",
,Sleeper ,BUP,Vacuum Cylinder Renew,
,Sleeper ,BUP,Vacuum Cylinder Piston Rod renew,
,Sleeper ,BUP,Underframe Brake Rigging overhaul ,
,Sleeper ,BUP,Brake Rigging Bogie overhaul,
,Sleeper ,BUP,Renew Vacuum Brake Release wire Arrange.,
,Sleeper ,BUP,Vacuum Piping Renew ,
,Sleeper ,BUP,Vacuum Piping - Repair Replace Ends,
,Sleeper ,BUP,Renew Stand Pipes (Gooseneck),
,Sleeper ,BUP,Vacuum Piping - Patches,
,Sleeper ,BUP,Vacuum Hoses Renew,
,Sleeper ,BUP,Vacuum Chamber B17 Overhaul,
,Sleeper ,BUP,Vacuum Chamber B17 Renew,
,Sleeper ,BUP,Vacuum Test and Brake adjustment,
,Sleeper ,Structural,Body framework repairs,
,Sleeper ,Structural,Roof Modification for Lights and Air-conditioning,
,Sleeper ,Structural,Mini Repairs (Refer CR 001),
,Sleeper ,Structural,Midi Repairs (Refer CR 001),
,Sleeper ,Structural,Maxi Repairs,
,Sleeper ,Structural,Rust Repairs Body (Side and ends),
,Sleeper ,Structural,Rust Repairs Roof,
,Sleeper ,Structural,Rust Repair Gutters,
,Sleeper ,,Fit New Pillars (500mm) L/H or R/H,
,Sleeper ,,Fit New Pillars Full size,
,Sleeper ,Structural,Renew Corrugated Metal Floor ,
,Sleeper ,Structural,Plate Patch Sole bar (6mm x 135mm x 600mm),
,Sleeper ,Structural,Plate Patch Destination (2.5mm x 125mm x 625mm),
,Sleeper ,Paint,Plate Stencil (2.5mm x 125mm x 800mm),
,Sleeper ,Coach Build,Fit New floor plates at end,
,Sleeper ,Coach Build,Fit New Spark plates Toilet Floor,
,Sleeper ,ALL,Complete Coach Strip,
,Sleeper ,N/A,Remove Asbetos (Interior and Exterior) If Applicable,
,Sleeper ,Paint,Grit Blast Body Shell and u/f equipment,
,Sleeper ,Paint,Paint Coach and auto coat complete,
,Sleeper ,Coach Build,Renew Card Clip small,
,Sleeper ,Coach Build,Renew Card Clip big ,
,Sleeper ,Paint,External Signs and Decals,
,Sleeper ,Paint,Stencilling,
,Sleeper ,Coach Build,Monsoon Ventilators Renew (Rotating type),
,Sleeper ,Coach Build,Commode Handles Overhaul,
,Sleeper ,Coach Build,Renew Commode Handles ,
,Sleeper ,Coach Build,Exterior Steps Inspect and overhaul,
,Sleeper ,Coach Build,Fit New Side Steps - Entrance,
,Sleeper ,BUP,Gangway Plate Overhaul,
,Sleeper ,BUP,Gangway Plate Renew,
,Sleeper ,Coach Build,Windows Mainline Drop MKIV -  Renew ,
,Sleeper ,Coach Build,"Windows Mainline Toilet Half Drop (Toilet,Shower) -  Renew ",
,Sleeper ,Coach Build,Glass Exit/Entrance Side Door (Including rubber),
,Sleeper ,Coach Build,Window mainline drop MKIV Aperture Conversion,
,Sleeper ,Coach Build,Glass (200 x 200) for emergency & fire ext,
,Sleeper ,Coach Build,Gummies Rubber Diaphragms - Overhaul (Renew Rubbers Repair Steel Plates),
,Sleeper ,Coach Build,Gummies Rubber Diaphragms - New (Including Steel Plates),
,Sleeper ,QC,Water Test Coaches Exterior,
,Sleeper ,QC,Vehicle Compliance (To Pass Structure Gauge),
,Sleeper ,Electrical,Jumper Cables Complete New,
,Sleeper ,Electrical,Main Buss Junction & Receptical Boxes - Fit New,
,Sleeper ,Electrical,Inter Coach Connectors (Recepticals),
,Sleeper ,Electrical,Interior Lighting new (Kit),
,Sleeper ,Electrical,Electrical Conduits  - Renew,
,Sleeper ,Electrical,Main DB Complete,
,Sleeper ,Electrical,LT Rewiring,
,Sleeper ,Electrical,Fit Communication system Speakers,
,Sleeper ,Electrical,95 Square Cabling for Mainline,
,Sleeper ,Coach Build,Ceiling Ventilator Grill powder coat overhaul ,
,Sleeper ,Coach Build,Ceiling Ventilator Grill renew ,
,Sleeper ,Coach Build,Renew Ventilator Grill Sleeve,
,Sleeper ,Electrical,Low Level Limit Switches (For Water and Waste Tanks),
,Sleeper ,SP,Air Conditioning unit - Renew (Fit to Roof Interior),
,Sleeper ,SP,Air Conditiong Frame & Condenser  -Renew (Fit to Under Frame),
,Sleeper ,SP,Air Conditioning Installation Kit - Brackets New,
,Sleeper ,SP,Air Conditioning Installation Kit - New,
,Sleeper ,SP,Air Conditiong Booster fan  -Renew ,
,Sleeper ,QC,Inspect and Test Air Conditioning,
,Sleeper ,Structural,Convert E-3 to Sleeper,
,Sleeper ,Coach Build,Rebuild Toilet Compartment (Wood),
,Sleeper ,Coach Build,Rebuild Sleeper Compartment (Wood),
,Sleeper ,Coach Build,Rebuild Shower Compartment (Wood & Plastic Cubicle),
,Sleeper ,Coach Build,Modify Toilet Compartment (Wood) to fit new toilet system,
,Sleeper ,Coach Build,Tables in Compartments - Refurbish,
,Sleeper ,Coach Build,Compartment Equipment ,
,Sleeper ,Coach Build,Corridor Equipment,
,Sleeper ,Coach Build,Toilet Equipment,
,Sleeper ,Coach Build,Shower & Dressing Room Equipment,
,Sleeper ,Coach Build,Cupboard Bedding Equipment,
,Sleeper ,Coach Build,Cupboard Broom Equipment,
,Sleeper ,Coach Build,Cupboard Electrical Equipment,
,Sleeper ,Coach Build,Cupboard Fire Extinguisher Equipment,
,Sleeper ,Coach Build,Floor Repairs (Wood),
,Sleeper ,Coach Build,Floor Repairs (Marley & Flashing only),
,Sleeper ,Coach Build,Renew Floors Complete (Including Marley & Flashing),
,Sleeper ,Coach Build,Bogie Pin Cover Plate,
,Sleeper ,Coach Build,Body side & Ceiling Insulation,
,Sleeper ,Paint,Decal Renew (All Interior),
,Sleeper ,Paint,Warning Notices (All Interior),
,Sleeper ,Coach Build,Formica Ceilings & Coves Complete - Renew,
,Sleeper ,Coach Build,Formica Side & End Panels Complete - Renew,
,Sleeper ,Coach Build,Formica Comparments and Corridor - Renew,
,Sleeper ,Coach Build,Formica Toilet Cubicle complete - Renew,
,Sleeper ,Coach Build,Formica/Panelling Shower Cubicle Complete - Renew,
,Sleeper ,Coach Build,Renew Aluminium Mouldings roof (All Types),
,Sleeper ,Coach Build,"Renew Aluminium Mouldings (Sides, Ends) & (Compartments, corridors)",
,Sleeper ,Coach Build,Passenger Parcel Racks - Refurbish,
,Sleeper ,Coach Build,Passenger Parcel Racks - New,
,Sleeper ,Coach Build,Window Shroud & Louvre - Renew,
,Sleeper ,Coach Build,Repair Portable back and Seat Frames,
,Sleeper ,Coach Build,Portable back and Seat - Refurbish,
,Sleeper ,Coach Build,Top Bunks - Refurbish,
,Sleeper ,Coach Build,Repair Trimming Frames (All type),
,Sleeper ,SP,Water Drinking Dispencer - Refurb. (Alcove),
,Sleeper ,Coach Build,Fire Extinguisher station (Strap & Partition) ,
,Sleeper ,,Drain Casting,
,Sleeper ,,Tread Plates ,
,Sleeper ,,Toilet Floor Pan - Renew,
,Sleeper ,,Shower & Dressing area Floor Pan - Renew,
,Sleeper ,,Mainline Sliding Door End LH;RH (electronic controlled),
,Sleeper ,,Compartment Sliding door complete - Refurbish ,
,Sleeper ,,Toilet and Shower External Door - Renew,
,Sleeper ,,Fit New Shower Door  - Internal,
,Sleeper ,,"DB, Broom & Compartment Doors - Renew",
,Sleeper ,,Doors Hinged Int. Overhaul,
,Sleeper ,,Doors Hinged Spring Loaded - Renew Hinge,
,Sleeper ,,Door Stops - Renew,
,Sleeper ,,Door Controllers - Renew - (vestibule door),
,Sleeper ,,Locks Overhaul,
,Sleeper ,,Lock Vestibule side door complete with Striking plates - Renew,
,Sleeper ,,Fit yale locks to vestibule doors,
,Sleeper ,,"Lock Toilet, shower, Communication Door Comp. - Renew",
,Sleeper ,,Lock Mortice Private -Renew,
,Sleeper ,,"Indicator Lock Toilet, Shower Door - Renew",
,Sleeper ,,Sill plate-End door Renew,
,Sleeper ,,Sill plate-Exit Door - Renew,
,Sleeper ,,Renew door kick plate,
,Sleeper ,,Repair Vestibule Exit Door (Including new Window & Rubber),
,Sleeper ,,Renew Vestibule Exit Door (Including new Window & Rubber),
,Sleeper ,,Fit New Weather Strip,
,Sleeper ,,PLUMBING (Water & Toilets),
,Sleeper ,,Water & Waste Tanks - Overhaul,
,Sleeper ,,Water Tank 940L - Renew,
,Sleeper ,,Water Tank 700L - Renew,
,Sleeper ,,Waste Tank 900L S/S - Renew,
,Sleeper ,,Pressurised Tank 210L - New,
,Sleeper ,,Water Pressurised Tank - Overhaul,
,Sleeper ,,Hanger Brackets and Stays for Tanks - Renew,
,Sleeper ,,Geyser - Renew (kwikot 150lt),
,Sleeper ,,Vacuum Toilet Systems (Complete) - New (Glova),
,Sleeper ,,Vacuum Toilet Systems (Complete) - New (Evac),
,Sleeper ,,Water Purification System - New,
,Sleeper ,,"Water piping (To all tanks, Filtration System, Wash basin, Toilets, Drinking Stations est..)",
,Sleeper ,,Renew low level limit switch,
,Sleeper ,,Water Pipe Lagging (Only on Copper Pipes),
,Sleeper ,,Stop Cocks,
,Sleeper ,,Gate Valve,
,Sleeper ,,Ball Valve 25mm S/S,
,Sleeper ,,Ball Valve 15mm S/S,
,Sleeper ,,Vacuum Valve,
,Sleeper ,,3-way Cock,
,Sleeper ,,Safety Valve,
,Sleeper ,,Non-Return Valve 25mm Brass,
,Sleeper ,,Non-Return Valve 20mm Brass,
,Sleeper ,,Valve Pressure Release 15mm Brass,
,Sleeper ,,"Valve 3 Way Port 1"" S/S",
,Sleeper ,,In Line Strainer Sediment 25mm Brass,
,Sleeper ,,Filler Cap,
,Sleeper ,,Taps turn - Renew,
,Sleeper ,,Tap Metal Basin Pillar 15mm S/S,
,Sleeper ,,Taps Push Button- Renew,
,Sleeper ,,Wash basin Stainless Steel Tops & Bowls - Refurbish,
,Sleeper ,,Wash basin Ceramic - Renew,
,Sleeper ,,Shower Rose,
,Sleeper ,,Final Inspection & Test Water System,
,Sleeper ,,Final Inspection & Test Toilet System,
,Sleeper ,,Vestibule Buffer Refurbish,
,Sleeper ,,Vestibule Buffer Renew,
,Sleeper ,,Vestibule Buffer Rod Refurbs.,
,Sleeper ,,Vestibule Buffer Rod Renew,
,Sleeper ,,Emergency Coupling Bracket examine,
,Sleeper ,,Guide Vestibule Buffer Rod Inner & Outer Renew,
,Sleeper ,,Draw Gear System Overhaul complete,
,Sleeper ,,Coupler Renew Complete,
,Sleeper ,,Coupler Release Wire,
,Sleeper ,,Renew Rear Yoke,
,Sleeper ,,Renew Side Plungers,
,Sleeper ,,Side Plunger Guide Bracket and Spring,
,Sleeper ,,Renew Coupler Wearing Plate,
,Sleeper ,,Renew 2 x Coupler shank bush,
,Sleeper ,,Renew Coupler Knuckle,
,Sleeper ,,Renew Coupler Knuckle Pin,
,Sleeper ,,Renew Coupler Lock,
,Sleeper ,,Renew Coupler Lock Lifter,
,Sleeper ,,Renew Coupler Lock Lifter Pin,
,Sleeper ,,Renew Coupler Lock Lifter lever,
,Sleeper ,,Renew Side Lever Pin,
,Sleeper ,,Renew Carrier Plate,
,Sleeper ,,Yoke Rubber (Springs) Renew,
,Sleeper ,,Yoke Rubber Follower Block Renew,
,Sleeper ,,Yoke & Coupler Pin Renew,
,Sleeper ,,Guide Coupler Renew,
,Sleeper ,,Stops Front & Loose Renew,
,Sleeper ,,Yoke Front Renew,
,Sleeper ,,Back Stop - Renew,
,Sleeper ,,Repair Underframe (to quote for add work),
,Sleeper ,,Underframe Examine,
,Sleeper ,,Support Brackets & Safety' loops overhaul,
,Sleeper ,,"Repair underframe cradles, cabinets & covers",
,Sleeper ,,Pull rod wheel,
,Sleeper ,,Bogie Overhaul,
,Sleeper ,,Snubbers Houdaille - Refurbish,
,Sleeper ,,Snubbers Houdaille - Renew,
,Sleeper ,,Springs Class 7' Bogies Equalising Beam New,
,Sleeper ,,Springs Class 7' Bogies Bolster New,
,Sleeper ,,"Springs Class 6'9"" Bogies Equalising Beam New",
,Sleeper ,,"Springs Class 6'9"" Bogies Bolster New",
,Sleeper ,,Axle Boxes (Adaptor) Examine/Repair,
,Sleeper ,,Axle Boxes Renew,
,Sleeper ,,Earth Straps,
,Sleeper ,,Bolster Central Flat and Vertical sleeve Liners Renew,
,Sleeper ,,Bogie Central Bearing Assembly examine,
,Sleeper ,,Springs Test & Refurbish,
,Sleeper ,,Double Webb Spring Cub - Renew,
,Sleeper ,,Pedestal Liners - Renew,
,Sleeper ,,Side Friction,
,Sleeper ,,Safety Loops,
,Sleeper ,,Fit New Swing hanger,
,Sleeper ,,Fit New Anchor bolts,
,Sleeper ,,Assemble Coach Complete & Stationary Functional test,
,Sleeper ,,Test  Coach Under Working Conditions & Road Certificate,
,Sleeper ,,Weighing of coach,
,Sleeper ,,Wheel-sets(R6),
